<com.ibm.websphere.samples.daytrader.jaxrs.QuoteResource: void <init>(javax.enterprise.inject.Instance)>/$stack3	<com.ibm.websphere.samples.daytrader.jaxrs.QuoteResource: void <init>(javax.enterprise.inject.Instance)>/$stack2	0
<com.ibm.websphere.samples.daytrader.web.servlet.TestServlet: void <init>(javax.enterprise.inject.Instance)>/$stack3	<com.ibm.websphere.samples.daytrader.web.servlet.TestServlet: void <init>(javax.enterprise.inject.Instance)>/$stack2	0
<com.ibm.websphere.samples.daytrader.util.TradeConfig: void <clinit>()>/$stack21	<com.ibm.websphere.samples.daytrader.util.TradeConfig: void <clinit>()>/$stack20	0
<com.ibm.websphere.samples.daytrader.util.TradeConfig: void <clinit>()>/$stack22	<com.ibm.websphere.samples.daytrader.util.TradeConfig: void <clinit>()>/$stack20	1
<com.ibm.websphere.samples.daytrader.util.TradeConfig: void <clinit>()>/$stack25	<com.ibm.websphere.samples.daytrader.util.TradeConfig: void <clinit>()>/$stack24	0
<com.ibm.websphere.samples.daytrader.util.TradeConfig: void <clinit>()>/$stack26	<com.ibm.websphere.samples.daytrader.util.TradeConfig: void <clinit>()>/$stack24	1
<com.ibm.websphere.samples.daytrader.util.TradeConfig: void <clinit>()>/$stack27	<com.ibm.websphere.samples.daytrader.util.TradeConfig: void <clinit>()>/$stack24	2
<com.ibm.websphere.samples.daytrader.util.TradeConfig: void <clinit>()>/$stringconstant0	<com.ibm.websphere.samples.daytrader.util.TradeConfig: void <clinit>()>/$stack0	0
<com.ibm.websphere.samples.daytrader.util.TradeConfig: void <clinit>()>/$stringconstant1	<com.ibm.websphere.samples.daytrader.util.TradeConfig: void <clinit>()>/$stack0	1
<com.ibm.websphere.samples.daytrader.util.TradeConfig: void <clinit>()>/$stringconstant2	<com.ibm.websphere.samples.daytrader.util.TradeConfig: void <clinit>()>/$stack0	2
<com.ibm.websphere.samples.daytrader.util.TradeConfig: void <clinit>()>/$stringconstant3	<com.ibm.websphere.samples.daytrader.util.TradeConfig: void <clinit>()>/$stack1	0
<com.ibm.websphere.samples.daytrader.util.TradeConfig: void <clinit>()>/$stringconstant4	<com.ibm.websphere.samples.daytrader.util.TradeConfig: void <clinit>()>/$stack1	1
<com.ibm.websphere.samples.daytrader.util.TradeConfig: void <clinit>()>/$stringconstant5	<com.ibm.websphere.samples.daytrader.util.TradeConfig: void <clinit>()>/$stack1	2
<com.ibm.websphere.samples.daytrader.util.TradeConfig: void <clinit>()>/$stringconstant6	<com.ibm.websphere.samples.daytrader.util.TradeConfig: void <clinit>()>/$stack2	0
<com.ibm.websphere.samples.daytrader.util.TradeConfig: void <clinit>()>/$stringconstant7	<com.ibm.websphere.samples.daytrader.util.TradeConfig: void <clinit>()>/$stack2	1
<com.ibm.websphere.samples.daytrader.util.TradeConfig: void <clinit>()>/$stringconstant8	<com.ibm.websphere.samples.daytrader.util.TradeConfig: void <clinit>()>/$stack3	0
<com.ibm.websphere.samples.daytrader.util.TradeConfig: void <clinit>()>/$stringconstant9	<com.ibm.websphere.samples.daytrader.util.TradeConfig: void <clinit>()>/$stack3	1
<com.ibm.websphere.samples.daytrader.util.TradeConfig: void <clinit>()>/$stringconstant10	<com.ibm.websphere.samples.daytrader.util.TradeConfig: void <clinit>()>/$stack3	2
<com.ibm.websphere.samples.daytrader.util.TradeConfig: void <clinit>()>/$numconstant32	<com.ibm.websphere.samples.daytrader.util.TradeConfig: void <clinit>()>/$stack21	0
<com.ibm.websphere.samples.daytrader.util.TradeConfig: void <clinit>()>/$numconstant33	<com.ibm.websphere.samples.daytrader.util.TradeConfig: void <clinit>()>/$stack21	1
<com.ibm.websphere.samples.daytrader.util.TradeConfig: void <clinit>()>/$numconstant34	<com.ibm.websphere.samples.daytrader.util.TradeConfig: void <clinit>()>/$stack21	2
<com.ibm.websphere.samples.daytrader.util.TradeConfig: void <clinit>()>/$numconstant35	<com.ibm.websphere.samples.daytrader.util.TradeConfig: void <clinit>()>/$stack21	3
<com.ibm.websphere.samples.daytrader.util.TradeConfig: void <clinit>()>/$numconstant36	<com.ibm.websphere.samples.daytrader.util.TradeConfig: void <clinit>()>/$stack21	4
<com.ibm.websphere.samples.daytrader.util.TradeConfig: void <clinit>()>/$numconstant37	<com.ibm.websphere.samples.daytrader.util.TradeConfig: void <clinit>()>/$stack21	5
<com.ibm.websphere.samples.daytrader.util.TradeConfig: void <clinit>()>/$numconstant38	<com.ibm.websphere.samples.daytrader.util.TradeConfig: void <clinit>()>/$stack21	6
<com.ibm.websphere.samples.daytrader.util.TradeConfig: void <clinit>()>/$numconstant39	<com.ibm.websphere.samples.daytrader.util.TradeConfig: void <clinit>()>/$stack21	7
<com.ibm.websphere.samples.daytrader.util.TradeConfig: void <clinit>()>/$numconstant40	<com.ibm.websphere.samples.daytrader.util.TradeConfig: void <clinit>()>/$stack21	8
<com.ibm.websphere.samples.daytrader.util.TradeConfig: void <clinit>()>/$numconstant41	<com.ibm.websphere.samples.daytrader.util.TradeConfig: void <clinit>()>/$stack21	9
<com.ibm.websphere.samples.daytrader.util.TradeConfig: void <clinit>()>/$numconstant42	<com.ibm.websphere.samples.daytrader.util.TradeConfig: void <clinit>()>/$stack22	0
<com.ibm.websphere.samples.daytrader.util.TradeConfig: void <clinit>()>/$numconstant43	<com.ibm.websphere.samples.daytrader.util.TradeConfig: void <clinit>()>/$stack22	1
<com.ibm.websphere.samples.daytrader.util.TradeConfig: void <clinit>()>/$numconstant44	<com.ibm.websphere.samples.daytrader.util.TradeConfig: void <clinit>()>/$stack22	2
<com.ibm.websphere.samples.daytrader.util.TradeConfig: void <clinit>()>/$numconstant45	<com.ibm.websphere.samples.daytrader.util.TradeConfig: void <clinit>()>/$stack22	3
<com.ibm.websphere.samples.daytrader.util.TradeConfig: void <clinit>()>/$numconstant46	<com.ibm.websphere.samples.daytrader.util.TradeConfig: void <clinit>()>/$stack22	4
<com.ibm.websphere.samples.daytrader.util.TradeConfig: void <clinit>()>/$numconstant47	<com.ibm.websphere.samples.daytrader.util.TradeConfig: void <clinit>()>/$stack22	5
<com.ibm.websphere.samples.daytrader.util.TradeConfig: void <clinit>()>/$numconstant48	<com.ibm.websphere.samples.daytrader.util.TradeConfig: void <clinit>()>/$stack22	6
<com.ibm.websphere.samples.daytrader.util.TradeConfig: void <clinit>()>/$numconstant49	<com.ibm.websphere.samples.daytrader.util.TradeConfig: void <clinit>()>/$stack22	7
<com.ibm.websphere.samples.daytrader.util.TradeConfig: void <clinit>()>/$numconstant50	<com.ibm.websphere.samples.daytrader.util.TradeConfig: void <clinit>()>/$stack22	8
<com.ibm.websphere.samples.daytrader.util.TradeConfig: void <clinit>()>/$numconstant51	<com.ibm.websphere.samples.daytrader.util.TradeConfig: void <clinit>()>/$stack22	9
<com.ibm.websphere.samples.daytrader.util.TradeConfig: void <clinit>()>/$numconstant52	<com.ibm.websphere.samples.daytrader.util.TradeConfig: void <clinit>()>/$stack23	0
<com.ibm.websphere.samples.daytrader.util.TradeConfig: void <clinit>()>/$numconstant53	<com.ibm.websphere.samples.daytrader.util.TradeConfig: void <clinit>()>/$stack23	1
<com.ibm.websphere.samples.daytrader.util.TradeConfig: void <clinit>()>/$numconstant54	<com.ibm.websphere.samples.daytrader.util.TradeConfig: void <clinit>()>/$stack23	2
<com.ibm.websphere.samples.daytrader.util.TradeConfig: void <clinit>()>/$numconstant55	<com.ibm.websphere.samples.daytrader.util.TradeConfig: void <clinit>()>/$stack23	3
<com.ibm.websphere.samples.daytrader.util.TradeConfig: void <clinit>()>/$numconstant56	<com.ibm.websphere.samples.daytrader.util.TradeConfig: void <clinit>()>/$stack23	4
<com.ibm.websphere.samples.daytrader.util.TradeConfig: void <clinit>()>/$numconstant57	<com.ibm.websphere.samples.daytrader.util.TradeConfig: void <clinit>()>/$stack23	5
<com.ibm.websphere.samples.daytrader.util.TradeConfig: void <clinit>()>/$numconstant58	<com.ibm.websphere.samples.daytrader.util.TradeConfig: void <clinit>()>/$stack23	6
<com.ibm.websphere.samples.daytrader.util.TradeConfig: void <clinit>()>/$numconstant59	<com.ibm.websphere.samples.daytrader.util.TradeConfig: void <clinit>()>/$stack23	7
<com.ibm.websphere.samples.daytrader.util.TradeConfig: void <clinit>()>/$numconstant60	<com.ibm.websphere.samples.daytrader.util.TradeConfig: void <clinit>()>/$stack23	8
<com.ibm.websphere.samples.daytrader.util.TradeConfig: void <clinit>()>/$numconstant61	<com.ibm.websphere.samples.daytrader.util.TradeConfig: void <clinit>()>/$stack23	9
<com.ibm.websphere.samples.daytrader.util.TradeConfig: void <clinit>()>/$stringconstant12	<com.ibm.websphere.samples.daytrader.util.TradeConfig: void <clinit>()>/$stack25	0
<com.ibm.websphere.samples.daytrader.util.TradeConfig: void <clinit>()>/$stringconstant13	<com.ibm.websphere.samples.daytrader.util.TradeConfig: void <clinit>()>/$stack25	1
<com.ibm.websphere.samples.daytrader.util.TradeConfig: void <clinit>()>/$stringconstant14	<com.ibm.websphere.samples.daytrader.util.TradeConfig: void <clinit>()>/$stack25	2
<com.ibm.websphere.samples.daytrader.util.TradeConfig: void <clinit>()>/$stringconstant15	<com.ibm.websphere.samples.daytrader.util.TradeConfig: void <clinit>()>/$stack25	3
<com.ibm.websphere.samples.daytrader.util.TradeConfig: void <clinit>()>/$stringconstant16	<com.ibm.websphere.samples.daytrader.util.TradeConfig: void <clinit>()>/$stack25	4
<com.ibm.websphere.samples.daytrader.util.TradeConfig: void <clinit>()>/$stringconstant17	<com.ibm.websphere.samples.daytrader.util.TradeConfig: void <clinit>()>/$stack25	5
<com.ibm.websphere.samples.daytrader.util.TradeConfig: void <clinit>()>/$stringconstant18	<com.ibm.websphere.samples.daytrader.util.TradeConfig: void <clinit>()>/$stack25	6
<com.ibm.websphere.samples.daytrader.util.TradeConfig: void <clinit>()>/$stringconstant19	<com.ibm.websphere.samples.daytrader.util.TradeConfig: void <clinit>()>/$stack25	7
<com.ibm.websphere.samples.daytrader.util.TradeConfig: void <clinit>()>/$stringconstant20	<com.ibm.websphere.samples.daytrader.util.TradeConfig: void <clinit>()>/$stack25	8
<com.ibm.websphere.samples.daytrader.util.TradeConfig: void <clinit>()>/$stringconstant21	<com.ibm.websphere.samples.daytrader.util.TradeConfig: void <clinit>()>/$stack25	9
<com.ibm.websphere.samples.daytrader.util.TradeConfig: void <clinit>()>/$stringconstant22	<com.ibm.websphere.samples.daytrader.util.TradeConfig: void <clinit>()>/$stack26	0
<com.ibm.websphere.samples.daytrader.web.jsf.TradeAppJSF: void <init>(javax.enterprise.inject.Instance)>/$stack3	<com.ibm.websphere.samples.daytrader.web.jsf.TradeAppJSF: void <init>(javax.enterprise.inject.Instance)>/$stack2	0
<com.ibm.websphere.samples.daytrader.util.TradeConfig: void <clinit>()>/$stringconstant23	<com.ibm.websphere.samples.daytrader.util.TradeConfig: void <clinit>()>/$stack26	1
<com.ibm.websphere.samples.daytrader.util.TradeConfig: void <clinit>()>/$stringconstant24	<com.ibm.websphere.samples.daytrader.util.TradeConfig: void <clinit>()>/$stack26	2
<com.ibm.websphere.samples.daytrader.util.TradeConfig: void <clinit>()>/$stringconstant25	<com.ibm.websphere.samples.daytrader.util.TradeConfig: void <clinit>()>/$stack26	3
<com.ibm.websphere.samples.daytrader.util.TradeConfig: void <clinit>()>/$stringconstant26	<com.ibm.websphere.samples.daytrader.util.TradeConfig: void <clinit>()>/$stack26	4
<com.ibm.websphere.samples.daytrader.util.TradeConfig: void <clinit>()>/$stringconstant27	<com.ibm.websphere.samples.daytrader.util.TradeConfig: void <clinit>()>/$stack26	5
<com.ibm.websphere.samples.daytrader.util.TradeConfig: void <clinit>()>/$stringconstant28	<com.ibm.websphere.samples.daytrader.util.TradeConfig: void <clinit>()>/$stack26	6
<com.ibm.websphere.samples.daytrader.util.TradeConfig: void <clinit>()>/$stringconstant29	<com.ibm.websphere.samples.daytrader.util.TradeConfig: void <clinit>()>/$stack26	7
<com.ibm.websphere.samples.daytrader.util.TradeConfig: void <clinit>()>/$stringconstant30	<com.ibm.websphere.samples.daytrader.util.TradeConfig: void <clinit>()>/$stack26	8
<com.ibm.websphere.samples.daytrader.util.TradeConfig: void <clinit>()>/$stringconstant31	<com.ibm.websphere.samples.daytrader.util.TradeConfig: void <clinit>()>/$stack26	9
<com.ibm.websphere.samples.daytrader.util.TradeConfig: void <clinit>()>/$stringconstant32	<com.ibm.websphere.samples.daytrader.util.TradeConfig: void <clinit>()>/$stack27	0
<com.ibm.websphere.samples.daytrader.util.TradeConfig: void <clinit>()>/$stringconstant33	<com.ibm.websphere.samples.daytrader.util.TradeConfig: void <clinit>()>/$stack27	1
<com.ibm.websphere.samples.daytrader.util.TradeConfig: void <clinit>()>/$stringconstant34	<com.ibm.websphere.samples.daytrader.util.TradeConfig: void <clinit>()>/$stack27	2
<com.ibm.websphere.samples.daytrader.util.TradeConfig: void <clinit>()>/$stringconstant35	<com.ibm.websphere.samples.daytrader.util.TradeConfig: void <clinit>()>/$stack27	3
<com.ibm.websphere.samples.daytrader.util.TradeConfig: void <clinit>()>/$stringconstant36	<com.ibm.websphere.samples.daytrader.util.TradeConfig: void <clinit>()>/$stack27	4
<com.ibm.websphere.samples.daytrader.util.TradeConfig: void <clinit>()>/$stringconstant37	<com.ibm.websphere.samples.daytrader.util.TradeConfig: void <clinit>()>/$stack27	5
<com.ibm.websphere.samples.daytrader.util.TradeConfig: void <clinit>()>/$stringconstant38	<com.ibm.websphere.samples.daytrader.util.TradeConfig: void <clinit>()>/$stack27	6
<com.ibm.websphere.samples.daytrader.util.TradeConfig: void <clinit>()>/$stringconstant39	<com.ibm.websphere.samples.daytrader.util.TradeConfig: void <clinit>()>/$stack27	7
<com.ibm.websphere.samples.daytrader.util.TradeConfig: void <clinit>()>/$stringconstant40	<com.ibm.websphere.samples.daytrader.util.TradeConfig: void <clinit>()>/$stack27	8
<com.ibm.websphere.samples.daytrader.util.TradeConfig: void <clinit>()>/$stringconstant41	<com.ibm.websphere.samples.daytrader.util.TradeConfig: void <clinit>()>/$stack27	9
<com.ibm.websphere.samples.daytrader.web.jsf.OrderDataJSF: void <init>(javax.enterprise.inject.Instance)>/$stack3	<com.ibm.websphere.samples.daytrader.web.jsf.OrderDataJSF: void <init>(javax.enterprise.inject.Instance)>/$stack2	0
<com.ibm.websphere.samples.daytrader.util.TraceInterceptor: java.lang.Object logMethodEntry(javax.interceptor.InvocationContext)>/$stack14	<com.ibm.websphere.samples.daytrader.util.TraceInterceptor: java.lang.Object logMethodEntry(javax.interceptor.InvocationContext)>/$stack2	0
<com.ibm.websphere.samples.daytrader.util.TraceInterceptor: java.lang.Object logMethodEntry(javax.interceptor.InvocationContext)>/$stack17	<com.ibm.websphere.samples.daytrader.util.TraceInterceptor: java.lang.Object logMethodEntry(javax.interceptor.InvocationContext)>/$stack2	1
<com.ibm.websphere.samples.daytrader.impl.ejb3.TradeSLSBBean: java.util.Collection getClosedOrders(java.lang.String)>/$stack18	<com.ibm.websphere.samples.daytrader.impl.ejb3.TradeSLSBBean: java.util.Collection getClosedOrders(java.lang.String)>/$stack14	0
<com.ibm.websphere.samples.daytrader.impl.ejb3.TradeSLSBBean: java.util.Collection getClosedOrders(java.lang.String)>/$stack24	<com.ibm.websphere.samples.daytrader.impl.ejb3.TradeSLSBBean: java.util.Collection getClosedOrders(java.lang.String)>/$stack14	1
<com.ibm.websphere.samples.daytrader.web.websocket.MarketSummaryWebSocket: void <init>(javax.enterprise.inject.Instance)>/$stack4	<com.ibm.websphere.samples.daytrader.web.websocket.MarketSummaryWebSocket: void <init>(javax.enterprise.inject.Instance)>/$stack3	0
<com.ibm.websphere.samples.daytrader.impl.ejb3.AsyncScheduledOrder: void <init>(javax.enterprise.inject.Instance)>/$stack3	<com.ibm.websphere.samples.daytrader.impl.ejb3.AsyncScheduledOrder: void <init>(javax.enterprise.inject.Instance)>/$stack2	0
<com.ibm.websphere.samples.daytrader.mdb.DTBroker3MDB: void boostrapTradeServices()>/$stack2	<com.ibm.websphere.samples.daytrader.mdb.DTBroker3MDB: void boostrapTradeServices()>/$stack1	0
<com.ibm.websphere.samples.daytrader.web.jsf.QuoteJSF: void <init>(javax.enterprise.inject.Instance)>/$stack4	<com.ibm.websphere.samples.daytrader.web.jsf.QuoteJSF: void <init>(javax.enterprise.inject.Instance)>/$stack3	0
<com.ibm.websphere.samples.daytrader.impl.ejb3.MarketSummarySingleton: void updateMarketSummary()>/$stack25	<com.ibm.websphere.samples.daytrader.impl.ejb3.MarketSummarySingleton: void updateMarketSummary()>/$stack22	0
<com.ibm.websphere.samples.daytrader.web.jsf.AccountDataJSF: void <init>(javax.enterprise.inject.Instance)>/$stack5	<com.ibm.websphere.samples.daytrader.web.jsf.AccountDataJSF: void <init>(javax.enterprise.inject.Instance)>/$stack4	0
<com.ibm.websphere.samples.daytrader.web.servlet.TradeServletAction: void <init>(javax.enterprise.inject.Instance)>/$stack3	<com.ibm.websphere.samples.daytrader.web.servlet.TradeServletAction: void <init>(javax.enterprise.inject.Instance)>/$stack2	0
<com.ibm.websphere.samples.daytrader.web.jsf.MarketSummaryJSF: void <init>(javax.enterprise.inject.Instance)>/$stack3	<com.ibm.websphere.samples.daytrader.web.jsf.MarketSummaryJSF: void <init>(javax.enterprise.inject.Instance)>/$stack2	0
<com.ibm.websphere.samples.daytrader.web.jsf.PortfolioJSF: void <init>(javax.enterprise.inject.Instance)>/$stack7	<com.ibm.websphere.samples.daytrader.web.jsf.PortfolioJSF: void <init>(javax.enterprise.inject.Instance)>/$stack6	0
<com.ibm.websphere.samples.daytrader.web.servlet.OrdersAlertFilter: void <init>(javax.enterprise.inject.Instance)>/$stack3	<com.ibm.websphere.samples.daytrader.web.servlet.OrdersAlertFilter: void <init>(javax.enterprise.inject.Instance)>/$stack2	0
<com.ibm.websphere.samples.daytrader.web.prims.beanval.SimpleBean1: void <init>()>/$stack6	<com.ibm.websphere.samples.daytrader.web.prims.beanval.SimpleBean1: void <init>()>/$stack4	0
<com.ibm.websphere.samples.daytrader.web.prims.beanval.SimpleBean1: void <init>()>/$numconstant2	<com.ibm.websphere.samples.daytrader.web.prims.beanval.SimpleBean1: void <init>()>/$stack3	0
